{"cameraMode":{"drawMode":0,"name":"Shaded","section":"Shading Mode"},"sceneLighting":true,"audioPlay":false,"sceneViewState":{"showFog":false,"showMaterialUpdate":true,"showSkybox":true,"showFlares":true,"showImageEffects":false,"showParticleSystems":true},"in2DMode":false,"pivot":{"x":-4.3470892906188969,"y":3.3964481353759767,"z":-0.20393529534339906},"rotation":{"x":-0.32592326402664187,"y":-0.6708782911300659,"z":0.42884063720703127,"w":-0.5097619295120239},"size":9.926801681518555,"orthographic":true}